LineId,Date,Time,Level,Node,Component,Id,Content,EventId,EventTemplate
"1,2015-07-29,""17:41:44,747"",INFO,QuorumPeer[myid=1]/0,0:0:0:0:0:0:0:2181:FastLeaderElection,774,Notification time out: 3200,E31,Notification time out: <*>"
"2,2015-07-29,""19:04:12,394"",INFO,/10.10.34.11,3888:QuorumCnxManager$Listener,493,Received connection request /10.10.34.11:45307,E40,Received connection request /<*>:<*>"
"3,2015-07-29,""19:04:29,071"",WARN,SendWorker,188978561024:QuorumCnxManager$SendWorker,688,Send worker leaving thread,E42,Send worker leaving thread"
"4,2015-07-29,""19:04:29,079"",WARN,SendWorker,188978561024:QuorumCnxManager$SendWorker,679,Interrupted while waiting for message on queue,E24,Interrupted while waiting for message on queue"
"5,2015-07-29,""19:13:17,524"",WARN,SendWorker,188978561024:QuorumCnxManager$SendWorker,688,Send worker leaving thread,E42,Send worker leaving thread"
"6,2015-07-29,""19:13:24,282"",WARN,RecvWorker,188978561024:QuorumCnxManager$RecvWorker,762,""Connection broken for id 188978561024, my id = 1, error ="",E11,""Connection broken for id <*>, my id = <*>, error ="""
"7,2015-07-29,""19:13:24,370"",INFO,/10.10.34.11,3888:QuorumCnxManager$Listener,493,Received connection request /10.10.34.13:57707,E40,Received connection request /<*>:<*>"
"8,2015-07-29,""19:13:27,721"",WARN,RecvWorker,188978561024:QuorumCnxManager$RecvWorker,762,""Connection broken for id 188978561024, my id = 1, error ="",E11,""Connection broken for id <*>, my id = <*>, error ="""
"9,2015-07-29,""19:13:34,382"",WARN,SendWorker,188978561024:QuorumCnxManager$SendWorker,679,Interrupted while waiting for message on queue,E24,Interrupted while waiting for message on queue"
"10,2015-07-29,""19:13:37,626"",WARN,SendWorker,188978561024:QuorumCnxManager$SendWorker,688,Send worker leaving thread,E42,Send worker leaving thread"
"11,2015-07-29,""19:13:44,301"",WARN,SendWorker,188978561024:QuorumCnxManager$SendWorker,688,Send worker leaving thread,E42,Send worker leaving thread"
"12,2015-07-29,""19:13:47,731"",WARN,RecvWorker,188978561024:QuorumCnxManager$RecvWorker,762,""Connection broken for id 188978561024, my id = 1, error ="",E11,""Connection broken for id <*>, my id = <*>, error ="""
"13,2015-07-29,""19:13:54,220"",INFO,/10.10.34.11,3888:QuorumCnxManager$Listener,493,Received connection request /10.10.34.11:45382,E40,Received connection request /<*>:<*>"
"14,2015-07-29,""19:13:54,399"",WARN,RecvWorker,188978561024:QuorumCnxManager$RecvWorker,762,""Connection broken for id 188978561024, my id = 1, error ="",E11,""Connection broken for id <*>, my id = <*>, error ="""
"15,2015-07-29,""19:14:04,406"",WARN,SendWorker,188978561024:QuorumCnxManager$SendWorker,679,Interrupted while waiting for message on queue,E24,Interrupted while waiting for message on queue"
"16,2015-07-29,""19:14:07,559"",WARN,RecvWorker,188978561024:QuorumCnxManager$RecvWorker,765,Interrupting SendWorker,E25,Interrupting SendWorker"
"17,2015-07-29,""19:14:07,653"",WARN,SendWorker,188978561024:QuorumCnxManager$SendWorker,688,Send worker leaving thread,E42,Send worker leaving thread"
"18,2015-07-29,""19:14:24,329"",WARN,RecvWorker,188978561024:QuorumCnxManager$RecvWorker,765,Interrupting SendWorker,E25,Interrupting SendWorker"
"19,2015-07-29,""19:14:37,585"",WARN,SendWorker,188978561024:QuorumCnxManager$SendWorker,679,Interrupted while waiting for message on queue,E24,Interrupted while waiting for message on queue"
"20,2015-07-29,""19:14:44,256"",INFO,/10.10.34.11,3888:QuorumCnxManager$Listener,493,Received connection request /10.10.34.11:45440,E40,Received connection request /<*>:<*>"
"21,2015-07-29,""19:14:47,593"",WARN,RecvWorker,188978561024:QuorumCnxManager$RecvWorker,765,Interrupting SendWorker,E25,Interrupting SendWorker"
"22,2015-07-29,""19:14:54,354"",WARN,SendWorker,188978561024:QuorumCnxManager$SendWorker,688,Send worker leaving thread,E42,Send worker leaving thread"
"23,2015-07-29,""19:15:24,476"",WARN,SendWorker,188978561024:QuorumCnxManager$SendWorker,679,Interrupted while waiting for message on queue,E24,Interrupted while waiting for message on queue"
"24,2015-07-29,""19:15:37,647"",WARN,RecvWorker,188978561024:QuorumCnxManager$RecvWorker,765,Interrupting SendWorker,E25,Interrupting SendWorker"
"25,2015-07-29,""19:15:37,648"",WARN,SendWorker,188978561024:QuorumCnxManager$SendWorker,688,Send worker leaving thread,E42,Send worker leaving thread"
"26,2015-07-29,""19:15:54,407"",WARN,SendWorker,188978561024:QuorumCnxManager$SendWorker,679,Interrupted while waiting for message on queue,E24,Interrupted while waiting for message on queue"
"27,2015-07-29,""19:15:57,854"",INFO,/10.10.34.11,3888:QuorumCnxManager$Listener,493,Received connection request /10.10.34.13:57895,E40,Received connection request /<*>:<*>"
"28,2015-07-29,""19:16:04,412"",WARN,SendWorker,188978561024:QuorumCnxManager$SendWorker,679,Interrupted while waiting for message on queue,E24,Interrupted while waiting for message on queue"
"29,2015-07-29,""19:16:04,414"",WARN,SendWorker,188978561024:QuorumCnxManager$SendWorker,679,Interrupted while waiting for message on queue,E24,Interrupted while waiting for message on queue"
"30,2015-07-29,""19:16:07,659"",WARN,RecvWorker,188978561024:QuorumCnxManager$RecvWorker,765,Interrupting SendWorker,E25,Interrupting SendWorker"
"31,2015-07-29,""19:16:14,520"",WARN,SendWorker,188978561024:QuorumCnxManager$SendWorker,679,Interrupted while waiting for message on queue,E24,Interrupted while waiting for message on queue"
"32,2015-07-29,""19:16:24,348"",WARN,RecvWorker,188978561024:QuorumCnxManager$RecvWorker,762,""Connection broken for id 188978561024, my id = 1, error ="",E11,""Connection broken for id <*>, my id = <*>, error ="""
"33,2015-07-29,""19:16:27,865"",WARN,SendWorker,188978561024:QuorumCnxManager$SendWorker,679,Interrupted while waiting for message on queue,E24,Interrupted while waiting for message on queue"
"34,2015-07-29,""19:16:27,865"",WARN,SendWorker,188978561024:QuorumCnxManager$SendWorker,688,Send worker leaving thread,E42,Send worker leaving thread"
"35,2015-07-29,""19:16:34,433"",WARN,RecvWorker,188978561024:QuorumCnxManager$RecvWorker,762,""Connection broken for id 188978561024, my id = 1, error ="",E11,""Connection broken for id <*>, my id = <*>, error ="""
"36,2015-07-29,""19:16:44,440"",INFO,/10.10.34.11,3888:QuorumCnxManager$Listener,493,Received connection request /10.10.34.12:47727,E40,Received connection request /<*>:<*>"
"37,2015-07-29,""19:16:57,707"",WARN,SendWorker,188978561024:QuorumCnxManager$SendWorker,679,Interrupted while waiting for message on queue,E24,Interrupted while waiting for message on queue"
"38,2015-07-29,""19:17:17,721"",WARN,SendWorker,188978561024:QuorumCnxManager$SendWorker,679,Interrupted while waiting for message on queue,E24,Interrupted while waiting for message on queue"
"39,2015-07-29,""19:17:17,921"",WARN,SendWorker,188978561024:QuorumCnxManager$SendWorker,679,Interrupted while waiting for message on queue,E24,Interrupted while waiting for message on queue"
"40,2015-07-29,""19:17:24,471"",WARN,RecvWorker,188978561024:QuorumCnxManager$RecvWorker,762,""Connection broken for id 188978561024, my id = 1, error ="",E11,""Connection broken for id <*>, my id = <*>, error ="""
"41,2015-07-29,""19:17:24,477"",WARN,SendWorker,188978561024:QuorumCnxManager$SendWorker,679,Interrupted while waiting for message on queue,E24,Interrupted while waiting for message on queue"
"42,2015-07-29,""19:17:57,741"",WARN,SendWorker,188978561024:QuorumCnxManager$SendWorker,679,Interrupted while waiting for message on queue,E24,Interrupted while waiting for message on queue"
"43,2015-07-29,""19:17:57,939"",INFO,/10.10.34.11,3888:QuorumCnxManager$Listener,493,Received connection request /10.10.34.13:58035,E40,Received connection request /<*>:<*>"
"44,2015-07-29,""19:17:57,955"",WARN,RecvWorker,188978561024:QuorumCnxManager$RecvWorker,765,Interrupting SendWorker,E25,Interrupting SendWorker"
"45,2015-07-29,""19:18:04,430"",WARN,SendWorker,188978561024:QuorumCnxManager$SendWorker,679,Interrupted while waiting for message on queue,E24,Interrupted while waiting for message on queue"
"46,2015-07-29,""19:18:07,748"",WARN,RecvWorker,188978561024:QuorumCnxManager$RecvWorker,765,Interrupting SendWorker,E25,Interrupting SendWorker"
"47,2015-07-29,""19:18:07,756"",WARN,RecvWorker,188978561024:QuorumCnxManager$RecvWorker,765,Interrupting SendWorker,E25,Interrupting SendWorker"
"48,2015-07-29,""19:18:14,511"",INFO,/10.10.34.11,3888:QuorumCnxManager$Listener,493,Received connection request /10.10.34.12:47838,E40,Received connection request /<*>:<*>"
"49,2015-07-29,""19:18:14,839"",WARN,SendWorker,188978561024:QuorumCnxManager$SendWorker,679,Interrupted while waiting for message on queue,E24,Interrupted while waiting for message on queue"
"50,2015-07-29,""19:18:34,635"",WARN,SendWorker,188978561024:QuorumCnxManager$SendWorker,679,Interrupted while waiting for message on queue,E24,Interrupted while waiting for message on queue"
"51,2015-07-29,""19:18:37,770"",WARN,SendWorker,188978561024:QuorumCnxManager$SendWorker,688,Send worker leaving thread,E42,Send worker leaving thread"
"52,2015-07-29,""19:18:47,785"",WARN,RecvWorker,188978561024:QuorumCnxManager$RecvWorker,765,Interrupting SendWorker,E25,Interrupting SendWorker"
"53,2015-07-29,""19:18:54,534"",WARN,RecvWorker,188978561024:QuorumCnxManager$RecvWorker,765,Interrupting SendWorker,E25,Interrupting SendWorker"
"54,2015-07-29,""19:18:54,534"",WARN,SendWorker,188978561024:QuorumCnxManager$SendWorker,679,Interrupted while waiting for message on queue,E24,Interrupted while waiting for message on queue"
"55,2015-07-29,""19:18:57,988"",WARN,RecvWorker,188978561024:QuorumCnxManager$RecvWorker,765,Interrupting SendWorker,E25,Interrupting SendWorker"
"56,2015-07-29,""19:19:04,661"",INFO,/10.10.34.11,3888:QuorumCnxManager$Listener,493,Received connection request /10.10.34.13:58116,E40,Received connection request /<*>:<*>"
"57,2015-07-29,""19:21:36,502"",INFO,/10.10.34.11,3888:QuorumCnxManager$Listener,493,Received connection request /10.10.34.11:45957,E40,Received connection request /<*>:<*>"
"58,2015-07-29,""19:21:36,607"",WARN,SendWorker,188978561024:QuorumCnxManager$SendWorker,679,Interrupted while waiting for message on queue,E24,Interrupted while waiting for message on queue"
"59,2015-07-29,""19:21:39,846"",WARN,RecvWorker,188978561024:QuorumCnxManager$RecvWorker,762,""Connection broken for id 188978561024, my id = 1, error ="",E11,""Connection broken for id <*>, my id = <*>, error ="""
"60,2015-07-29,""19:21:39,846"",WARN,RecvWorker,188978561024:QuorumCnxManager$RecvWorker,765,Interrupting SendWorker,E25,Interrupting SendWorker"
"61,2015-07-29,""19:21:43,389"",WARN,RecvWorker,188978561024:QuorumCnxManager$RecvWorker,765,Interrupting SendWorker,E25,Interrupting SendWorker"
"62,2015-07-29,""19:21:46,525"",WARN,RecvWorker,188978561024:QuorumCnxManager$RecvWorker,762,""Connection broken for id 188978561024, my id = 1, error ="",E11,""Connection broken for id <*>, my id = <*>, error ="""
"63,2015-07-29,""19:21:46,537"",WARN,SendWorker,188978561024:QuorumCnxManager$SendWorker,688,Send worker leaving thread,E42,Send worker leaving thread"
"64,2015-07-29,""19:21:46,728"",INFO,/10.10.34.11,3888:QuorumCnxManager$Listener,493,Received connection request /10.10.34.13:58303,E40,Received connection request /<*>:<*>"
"65,2015-07-29,""19:21:49,960"",INFO,/10.10.34.11,3888:QuorumCnxManager$Listener,493,Received connection request /10.10.34.12:48096,E40,Received connection request /<*>:<*>"
"66,2015-07-29,""19:21:53,209"",WARN,SendWorker,188978561024:QuorumCnxManager$SendWorker,688,Send worker leaving thread,E42,Send worker leaving thread"
"67,2015-07-29,""19:21:53,220"",WARN,RecvWorker,188978561024:QuorumCnxManager$RecvWorker,765,Interrupting SendWorker,E25,Interrupting SendWorker"
"68,2015-07-29,""19:21:53,410"",WARN,SendWorker,188978561024:QuorumCnxManager$SendWorker,679,Interrupted while waiting for message on queue,E24,Interrupted while waiting for message on queue"
"69,2015-07-29,""19:21:53,412"",WARN,SendWorker,188978561024:QuorumCnxManager$SendWorker,679,Interrupted while waiting for message on queue,E24,Interrupted while waiting for message on queue"
"70,2015-07-29,""19:21:53,414"",WARN,RecvWorker,188978561024:QuorumCnxManager$RecvWorker,765,Interrupting SendWorker,E25,Interrupting SendWorker"
"71,2015-07-29,""19:21:56,644"",WARN,SendWorker,188978561024:QuorumCnxManager$SendWorker,688,Send worker leaving thread,E42,Send worker leaving thread"
"72,2015-07-29,""19:21:56,756"",WARN,RecvWorker,188978561024:QuorumCnxManager$RecvWorker,765,Interrupting SendWorker,E25,Interrupting SendWorker"
"73,2015-07-29,""19:21:59,997"",WARN,SendWorker,188978561024:QuorumCnxManager$SendWorker,688,Send worker leaving thread,E42,Send worker leaving thread"
"74,2015-07-29,""19:22:03,324"",INFO,/10.10.34.11,3888:QuorumCnxManager$Listener,493,Received connection request /10.10.34.12:48141,E40,Received connection request /<*>:<*>"
"75,2015-07-29,""19:22:03,337"",WARN,RecvWorker,188978561024:QuorumCnxManager$RecvWorker,765,Interrupting SendWorker,E25,Interrupting SendWorker"
"76,2015-07-29,""19:22:03,439"",WARN,SendWorker,188978561024:QuorumCnxManager$SendWorker,688,Send worker leaving thread,E42,Send worker leaving thread"
"77,2015-07-29,""19:22:10,020"",WARN,RecvWorker,188978561024:QuorumCnxManager$RecvWorker,762,""Connection broken for id 188978561024, my id = 1, error ="",E11,""Connection broken for id <*>, my id = <*>, error ="""
"78,2015-07-29,""19:22:13,256"",WARN,SendWorker,188978561024:QuorumCnxManager$SendWorker,679,Interrupted while waiting for message on queue,E24,Interrupted while waiting for message on queue"
"79,2015-07-29,""19:22:13,257"",WARN,SendWorker,188978561024:QuorumCnxManager$SendWorker,679,Interrupted while waiting for message on queue,E24,Interrupted while waiting for message on queue"
"80,2015-07-29,""19:22:16,799"",WARN,RecvWorker,188978561024:QuorumCnxManager$RecvWorker,765,Interrupting SendWorker,E25,Interrupting SendWorker"
"81,2015-07-29,""19:22:20,143"",INFO,/10.10.34.11,3888:QuorumCnxManager$Listener,493,Received connection request /10.10.34.13:58421,E40,Received connection request /<*>:<*>"
"82,2015-07-29,""19:22:23,289"",WARN,SendWorker,188978561024:QuorumCnxManager$SendWorker,688,Send worker leaving thread,E42,Send worker leaving thread"
"83,2015-07-29,""19:22:23,378"",WARN,SendWorker,188978561024:QuorumCnxManager$SendWorker,679,Interrupted while waiting for message on queue,E24,Interrupted while waiting for message on queue"
"84,2015-07-29,""19:22:23,379"",WARN,SendWorker,188978561024:QuorumCnxManager$SendWorker,688,Send worker leaving thread,E42,Send worker leaving thread"
"85,2015-07-29,""19:22:26,617"",INFO,/10.10.34.11,3888:QuorumCnxManager$Listener,493,Received connection request /10.10.34.11:46128,E40,Received connection request /<*>:<*>"
"86,2015-07-29,""19:22:26,618"",WARN,SendWorker,188978561024:QuorumCnxManager$SendWorker,679,Interrupted while waiting for message on queue,E24,Interrupted while waiting for message on queue"
"87,2015-07-29,""19:22:26,634"",WARN,SendWorker,188978561024:QuorumCnxManager$SendWorker,679,Interrupted while waiting for message on queue,E24,Interrupted while waiting for message on queue"
"88,2015-07-29,""19:22:26,734"",WARN,RecvWorker,188978561024:QuorumCnxManager$RecvWorker,765,Interrupting SendWorker,E25,Interrupting SendWorker"
"89,2015-07-29,""19:22:26,829"",WARN,RecvWorker,188978561024:QuorumCnxManager$RecvWorker,765,Interrupting SendWorker,E25,Interrupting SendWorker"
"90,2015-07-29,""19:22:26,830"",INFO,/10.10.34.11,3888:QuorumCnxManager$Listener,493,Received connection request /10.10.34.13:58452,E40,Received connection request /<*>:<*>"
"91,2015-07-29,""19:22:29,975"",WARN,RecvWorker,188978561024:QuorumCnxManager$RecvWorker,765,Interrupting SendWorker,E25,Interrupting SendWorker"
"92,2015-07-29,""19:22:33,313"",WARN,RecvWorker,188978561024:QuorumCnxManager$RecvWorker,762,""Connection broken for id 188978561024, my id = 1, error ="",E11,""Connection broken for id <*>, my id = <*>, error ="""
"93,2015-07-29,""19:22:33,513"",WARN,SendWorker,188978561024:QuorumCnxManager$SendWorker,679,Interrupted while waiting for message on queue,E24,Interrupted while waiting for message on queue"
"94,2015-07-29,""19:22:36,642"",WARN,SendWorker,188978561024:QuorumCnxManager$SendWorker,688,Send worker leaving thread,E42,Send worker leaving thread"
"95,2015-07-29,""19:22:36,659"",INFO,/10.10.34.11,3888:QuorumCnxManager$Listener,493,Received connection request /10.10.34.11:46173,E40,Received connection request /<*>:<*>"
"96,2015-07-29,""19:22:36,659"",WARN,SendWorker,188978561024:QuorumCnxManager$SendWorker,679,Interrupted while waiting for message on queue,E24,Interrupted while waiting for message on queue"
"97,2015-07-29,""19:22:40,083"",INFO,/10.10.34.11,3888:QuorumCnxManager$Listener,493,Received connection request /10.10.34.12:48280,E40,Received connection request /<*>:<*>"
"98,2015-07-29,""19:22:43,421"",WARN,SendWorker,188978561024:QuorumCnxManager$SendWorker,688,Send worker leaving thread,E42,Send worker leaving thread"
"99,2015-07-29,""19:22:43,536"",WARN,RecvWorker,188978561024:QuorumCnxManager$RecvWorker,762,""Connection broken for id 188978561024, my id = 1, error ="",E11,""Connection broken for id <*>, my id = <*>, error ="""
"100,2015-07-29,""19:22:46,680"",WARN,SendWorker,188978561024:QuorumCnxManager$SendWorker,679,Interrupted while waiting for message on queue,E24,Interrupted while waiting for message on queue"
"101,2015-07-29,""19:22:50,025"",WARN,SendWorker,188978561024:QuorumCnxManager$SendWorker,679,Interrupted while waiting for message on queue,E24,Interrupted while waiting for message on queue"
"102,2015-07-29,""19:22:53,441"",WARN,SendWorker,188978561024:QuorumCnxManager$SendWorker,679,Interrupted while waiting for message on queue,E24,Interrupted while waiting for message on queue"
"103,2015-07-29,""19:22:53,462"",WARN,RecvWorker,188978561024:QuorumCnxManager$RecvWorker,762,""Connection broken for id 188978561024, my id = 1, error ="",E11,""Connection broken for id <*>, my id = <*>, error ="""
"104,2015-07-29,""19:22:56,689"",WARN,RecvWorker,188978561024:QuorumCnxManager$RecvWorker,765,Interrupting SendWorker,E25,Interrupting SendWorker"
"105,2015-07-29,""19:22:56,892"",WARN,RecvWorker,188978561024:QuorumCnxManager$RecvWorker,762,""Connection broken for id 188978561024, my id = 1, error ="",E11,""Connection broken for id <*>, my id = <*>, error ="""
"106,2015-07-29,""19:23:00,124"",WARN,RecvWorker,188978561024:QuorumCnxManager$RecvWorker,762,""Connection broken for id 188978561024, my id = 1, error ="",E11,""Connection broken for id <*>, my id = <*>, error ="""
"107,2015-07-29,""19:23:00,131"",WARN,RecvWorker,188978561024:QuorumCnxManager$RecvWorker,765,Interrupting SendWorker,E25,Interrupting SendWorker"
"108,2015-07-29,""19:23:00,237"",INFO,/10.10.34.11,3888:QuorumCnxManager$Listener,493,Received connection request /10.10.34.13:58565,E40,Received connection request /<*>:<*>"
"109,2015-07-29,""19:23:03,387"",WARN,RecvWorker,188978561024:QuorumCnxManager$RecvWorker,765,Interrupting SendWorker,E25,Interrupting SendWorker"
"110,2015-07-29,""19:23:03,464"",WARN,RecvWorker,188978561024:QuorumCnxManager$RecvWorker,765,Interrupting SendWorker,E25,Interrupting SendWorker"
"111,2015-07-29,""19:23:03,590"",WARN,SendWorker,188978561024:QuorumCnxManager$SendWorker,688,Send worker leaving thread,E42,Send worker leaving thread"
"112,2015-07-29,""19:23:06,729"",WARN,RecvWorker,188978561024:QuorumCnxManager$RecvWorker,765,Interrupting SendWorker,E25,Interrupting SendWorker"
"113,2015-07-29,""19:23:13,491"",WARN,RecvWorker,188978561024:QuorumCnxManager$RecvWorker,765,Interrupting SendWorker,E25,Interrupting SendWorker"
"114,2015-07-29,""19:23:13,596"",WARN,RecvWorker,188978561024:QuorumCnxManager$RecvWorker,762,""Connection broken for id 188978561024, my id = 1, error ="",E11,""Connection broken for id <*>, my id = <*>, error ="""
"115,2015-07-29,""19:23:16,755"",WARN,SendWorker,188978561024:QuorumCnxManager$SendWorker,688,Send worker leaving thread,E42,Send worker leaving thread"
"116,2015-07-29,""19:23:16,848"",INFO,/10.10.34.11,3888:QuorumCnxManager$Listener,493,Received connection request /10.10.34.12:48413,E40,Received connection request /<*>:<*>"
"117,2015-07-29,""19:23:16,937"",WARN,RecvWorker,188978561024:QuorumCnxManager$RecvWorker,765,Interrupting SendWorker,E25,Interrupting SendWorker"
"118,2015-07-29,""19:23:20,094"",INFO,/10.10.34.11,3888:QuorumCnxManager$Listener,493,Received connection request /10.10.34.11:46329,E40,Received connection request /<*>:<*>"
"119,2015-07-29,""19:23:20,095"",WARN,SendWorker,188978561024:QuorumCnxManager$SendWorker,679,Interrupted while waiting for message on queue,E24,Interrupted while waiting for message on queue"
"120,2015-07-29,""19:23:20,173"",WARN,SendWorker,188978561024:QuorumCnxManager$SendWorker,688,Send worker leaving thread,E42,Send worker leaving thread"
"121,2015-07-29,""19:23:20,278"",WARN,RecvWorker,188978561024:QuorumCnxManager$RecvWorker,765,Interrupting SendWorker,E25,Interrupting SendWorker"
"122,2015-07-29,""19:23:23,518"",WARN,SendWorker,188978561024:QuorumCnxManager$SendWorker,679,Interrupted while waiting for message on queue,E24,Interrupted while waiting for message on queue"
"123,2015-07-29,""19:23:26,760"",WARN,RecvWorker,188978561024:QuorumCnxManager$RecvWorker,762,""Connection broken for id 188978561024, my id = 1, error ="",E11,""Connection broken for id <*>, my id = <*>, error ="""
"124,2015-07-29,""19:23:26,979"",WARN,RecvWorker,188978561024:QuorumCnxManager$RecvWorker,762,""Connection broken for id 188978561024, my id = 1, error ="",E11,""Connection broken for id <*>, my id = <*>, error ="""
"125,2015-07-29,""19:23:30,110"",INFO,/10.10.34.11,3888:QuorumCnxManager$Listener,493,Received connection request /10.10.34.11:46360,E40,Received connection request /<*>:<*>"
"126,2015-07-29,""19:23:30,116"",WARN,SendWorker,188978561024:QuorumCnxManager$SendWorker,679,Interrupted while waiting for message on queue,E24,Interrupted while waiting for message on queue"
"127,2015-07-29,""19:23:30,320"",WARN,RecvWorker,188978561024:QuorumCnxManager$RecvWorker,765,Interrupting SendWorker,E25,Interrupting SendWorker"
"128,2015-07-29,""19:23:33,457"",WARN,RecvWorker,188978561024:QuorumCnxManager$RecvWorker,762,""Connection broken for id 188978561024, my id = 1, error ="",E11,""Connection broken for id <*>, my id = <*>, error ="""
"129,2015-07-29,""19:23:33,553"",WARN,RecvWorker,188978561024:QuorumCnxManager$RecvWorker,765,Interrupting SendWorker,E25,Interrupting SendWorker"
"130,2015-07-29,""19:23:36,783"",WARN,RecvWorker,188978561024:QuorumCnxManager$RecvWorker,762,""Connection broken for id 188978561024, my id = 1, error ="",E11,""Connection broken for id <*>, my id = <*>, error ="""
"131,2015-07-29,""19:23:40,140"",WARN,SendWorker,188978561024:QuorumCnxManager$SendWorker,679,Interrupted while waiting for message on queue,E24,Interrupted while waiting for message on queue"
"132,2015-07-29,""19:23:46,827"",INFO,/10.10.34.11,3888:QuorumCnxManager$Listener,493,Received connection request /10.10.34.11:46424,E40,Received connection request /<*>:<*>"
"133,2015-07-29,""19:23:46,830"",WARN,RecvWorker,188978561024:QuorumCnxManager$RecvWorker,765,Interrupting SendWorker,E25,Interrupting SendWorker"
"134,2015-07-29,""19:23:46,917"",WARN,SendWorker,188978561024:QuorumCnxManager$SendWorker,688,Send worker leaving thread,E42,Send worker leaving thread"
"135,2015-07-29,""19:23:50,171"",WARN,RecvWorker,188978561024:QuorumCnxManager$RecvWorker,762,""Connection broken for id 188978561024, my id = 1, error ="",E11,""Connection broken for id <*>, my id = <*>, error ="""
"136,2015-07-29,""19:23:53,488"",INFO,/10.10.34.11,3888:QuorumCnxManager$Listener,493,Received connection request /10.10.34.11:46440,E40,Received connection request /<*>:<*>"
"137,2015-07-29,""19:23:56,838"",WARN,RecvWorker,188978561024:QuorumCnxManager$RecvWorker,765,Interrupting SendWorker,E25,Interrupting SendWorker"
"138,2015-07-29,""19:23:56,851"",WARN,SendWorker,188978561024:QuorumCnxManager$SendWorker,679,Interrupted while waiting for message on queue,E24,Interrupted while waiting for message on queue"
"139,2015-07-29,""19:24:00,386"",WARN,RecvWorker,188978561024:QuorumCnxManager$RecvWorker,762,""Connection broken for id 188978561024, my id = 1, error ="",E11,""Connection broken for id <*>, my id = <*>, error ="""
"140,2015-07-29,""19:24:03,616"",WARN,SendWorker,188978561024:QuorumCnxManager$SendWorker,679,Interrupted while waiting for message on queue,E24,Interrupted while waiting for message on queue"
"141,2015-07-29,""19:24:03,725"",WARN,RecvWorker,188978561024:QuorumCnxManager$RecvWorker,765,Interrupting SendWorker,E25,Interrupting SendWorker"
"142,2015-07-29,""19:24:07,062"",WARN,SendWorker,188978561024:QuorumCnxManager$SendWorker,688,Send worker leaving thread,E42,Send worker leaving thread"
"143,2015-07-29,""19:24:10,216"",WARN,SendWorker,188978561024:QuorumCnxManager$SendWorker,679,Interrupted while waiting for message on queue,E24,Interrupted while waiting for message on queue"
"144,2015-07-29,""19:24:10,286"",INFO,/10.10.34.11,3888:QuorumCnxManager$Listener,493,Received connection request /10.10.34.12:48600,E40,Received connection request /<*>:<*>"
"145,2015-07-29,""19:24:13,542"",WARN,RecvWorker,188978561024:QuorumCnxManager$RecvWorker,765,Interrupting SendWorker,E25,Interrupting SendWorker"
"146,2015-07-29,""19:24:13,553"",INFO,/10.10.34.11,3888:QuorumCnxManager$Listener,493,Received connection request /10.10.34.11:46519,E40,Received connection request /<*>:<*>"
"147,2015-07-29,""19:24:16,883"",WARN,SendWorker,188978561024:QuorumCnxManager$SendWorker,688,Send worker leaving thread,E42,Send worker leaving thread"
"148,2015-07-29,""19:24:16,987"",WARN,SendWorker,188978561024:QuorumCnxManager$SendWorker,688,Send worker leaving thread,E42,Send worker leaving thread"
"149,2015-07-29,""19:24:20,217"",WARN,RecvWorker,188978561024:QuorumCnxManager$RecvWorker,765,Interrupting SendWorker,E25,Interrupting SendWorker"
"150,2015-07-29,""19:24:20,413"",WARN,SendWorker,188978561024:QuorumCnxManager$SendWorker,688,Send worker leaving thread,E42,Send worker leaving thread"
"151,2015-07-29,""19:24:20,431"",WARN,SendWorker,188978561024:QuorumCnxManager$SendWorker,688,Send worker leaving thread,E42,Send worker leaving thread"
"152,2015-07-29,""19:24:23,563"",INFO,/10.10.34.11,3888:QuorumCnxManager$Listener,493,Received connection request /10.10.34.11:46552,E40,Received connection request /<*>:<*>"
"153,2015-07-29,""19:24:23,574"",WARN,RecvWorker,188978561024:QuorumCnxManager$RecvWorker,762,""Connection broken for id 188978561024, my id = 1, error ="",E11,""Connection broken for id <*>, my id = <*>, error ="""
"154,2015-07-29,""19:24:23,578"",WARN,SendWorker,188978561024:QuorumCnxManager$SendWorker,679,Interrupted while waiting for message on queue,E24,Interrupted while waiting for message on queue"
"155,2015-07-29,""19:24:30,451"",WARN,SendWorker,188978561024:QuorumCnxManager$SendWorker,679,Interrupted while waiting for message on queue,E24,Interrupted while waiting for message on queue"
"156,2015-07-29,""19:24:36,927"",WARN,RecvWorker,188978561024:QuorumCnxManager$RecvWorker,762,""Connection broken for id 188978561024, my id = 1, error ="",E11,""Connection broken for id <*>, my id = <*>, error ="""
"157,2015-07-29,""19:24:37,012"",WARN,RecvWorker,188978561024:QuorumCnxManager$RecvWorker,765,Interrupting SendWorker,E25,Interrupting SendWorker"
"158,2015-07-29,""19:24:40,383"",WARN,RecvWorker,188978561024:QuorumCnxManager$RecvWorker,762,""Connection broken for id 188978561024, my id = 1, error ="",E11,""Connection broken for id <*>, my id = <*>, error ="""
"159,2015-07-29,""19:24:43,814"",WARN,RecvWorker,188978561024:QuorumCnxManager$RecvWorker,762,""Connection broken for id 188978561024, my id = 1, error ="",E11,""Connection broken for id <*>, my id = <*>, error ="""
"160,2015-07-29,""19:24:50,301"",WARN,SendWorker,188978561024:QuorumCnxManager$SendWorker,679,Interrupted while waiting for message on queue,E24,Interrupted while waiting for message on queue"
"161,2015-07-29,""19:24:50,374"",WARN,SendWorker,188978561024:QuorumCnxManager$SendWorker,688,Send worker leaving thread,E42,Send worker leaving thread"
"162,2015-07-29,""19:24:57,160"",WARN,RecvWorker,188978561024:QuorumCnxManager$RecvWorker,762,""Connection broken for id 188978561024, my id = 1, error ="",E11,""Connection broken for id <*>, my id = <*>, error ="""
"163,2015-07-29,""19:24:57,175"",WARN,RecvWorker,188978561024:QuorumCnxManager$RecvWorker,762,""Connection broken for id 188978561024, my id = 1, error ="",E11,""Connection broken for id <*>, my id = <*>, error ="""
"164,2015-07-29,""19:25:03,663"",WARN,SendWorker,188978561024:QuorumCnxManager$SendWorker,688,Send worker leaving thread,E42,Send worker leaving thread"
"165,2015-07-29,""19:25:03,744"",WARN,SendWorker,188978561024:QuorumCnxManager$SendWorker,688,Send worker leaving thread,E42,Send worker leaving thread"
"166,2015-07-29,""19:25:03,857"",INFO,/10.10.34.11,3888:QuorumCnxManager$Listener,493,Received connection request /10.10.34.13:59016,E40,Received connection request /<*>:<*>"
"167,2015-07-29,""19:25:07,003"",WARN,RecvWorker,188978561024:QuorumCnxManager$RecvWorker,765,Interrupting SendWorker,E25,Interrupting SendWorker"
"168,2015-07-29,""19:25:07,079"",WARN,SendWorker,188978561024:QuorumCnxManager$SendWorker,688,Send worker leaving thread,E42,Send worker leaving thread"
"169,2015-07-29,""19:25:07,102"",WARN,RecvWorker,188978561024:QuorumCnxManager$RecvWorker,765,Interrupting SendWorker,E25,Interrupting SendWorker"
"170,2015-07-29,""19:25:07,107"",INFO,/10.10.34.11,3888:QuorumCnxManager$Listener,493,Received connection request /10.10.34.12:48811,E40,Received connection request /<*>:<*>"
"171,2015-07-29,""19:25:10,536"",INFO,/10.10.34.11,3888:QuorumCnxManager$Listener,493,Received connection request /10.10.34.13:59037,E40,Received connection request /<*>:<*>"
"172,2015-07-29,""19:25:10,539"",WARN,SendWorker,188978561024:QuorumCnxManager$SendWorker,688,Send worker leaving thread,E42,Send worker leaving thread"
"173,2015-07-29,""19:25:13,695"",WARN,RecvWorker,188978561024:QuorumCnxManager$RecvWorker,765,Interrupting SendWorker,E25,Interrupting SendWorker"
"174,2015-07-29,""19:25:13,874"",WARN,SendWorker,188978561024:QuorumCnxManager$SendWorker,688,Send worker leaving thread,E42,Send worker leaving thread"
"175,2015-07-29,""19:25:17,021"",WARN,SendWorker,188978561024:QuorumCnxManager$SendWorker,688,Send worker leaving thread,E42,Send worker leaving thread"
"176,2015-07-29,""19:25:17,124"",WARN,SendWorker,188978561024:QuorumCnxManager$SendWorker,679,Interrupted while waiting for message on queue,E24,Interrupted while waiting for message on queue"
"177,2015-07-29,""19:25:23,702"",WARN,SendWorker,188978561024:QuorumCnxManager$SendWorker,679,Interrupted while waiting for message on queue,E24,Interrupted while waiting for message on queue"
"178,2015-07-29,""19:25:23,811"",WARN,RecvWorker,188978561024:QuorumCnxManager$RecvWorker,762,""Connection broken for id 188978561024, my id = 1, error ="",E11,""Connection broken for id <*>, my id = <*>, error ="""
"179,2015-07-29,""19:25:23,889"",INFO,/10.10.34.11,3888:QuorumCnxManager$Listener,493,Received connection request /10.10.34.13:59078,E40,Received connection request /<*>:<*>"
"180,2015-07-29,""19:25:27,058"",WARN,RecvWorker,188978561024:QuorumCnxManager$RecvWorker,762,""Connection broken for id 188978561024, my id = 1, error ="",E11,""Connection broken for id <*>, my id = <*>, error ="""
"181,2015-07-29,""19:25:27,242"",WARN,RecvWorker,188978561024:QuorumCnxManager$RecvWorker,765,Interrupting SendWorker,E25,Interrupting SendWorker"
"182,2015-07-29,""19:25:30,398"",INFO,/10.10.34.11,3888:QuorumCnxManager$Listener,493,Received connection request /10.10.34.11:46798,E40,Received connection request /<*>:<*>"
"183,2015-07-29,""19:25:30,571"",WARN,RecvWorker,188978561024:QuorumCnxManager$RecvWorker,765,Interrupting SendWorker,E25,Interrupting SendWorker"
"184,2015-07-29,""19:25:33,833"",WARN,RecvWorker,188978561024:QuorumCnxManager$RecvWorker,762,""Connection broken for id 188978561024, my id = 1, error ="",E11,""Connection broken for id <*>, my id = <*>, error ="""
"185,2015-07-29,""19:25:33,923"",WARN,RecvWorker,188978561024:QuorumCnxManager$RecvWorker,762,""Connection broken for id 188978561024, my id = 1, error ="",E11,""Connection broken for id <*>, my id = <*>, error ="""
